-- phpMyAdmin SQL Dump
-- version 4.0.10.18
-- https://www.phpmyadmin.net
--
-- Host: localhost:3306
-- Generation Time: Mar 25, 2018 at 03:17 PM
-- Server version: 5.6.39-cll-lve
-- PHP Version: 5.6.30

SET SQL_MODE = "NO_AUTO_VALUE_ON_ZERO";
SET time_zone = "+00:00";


/*!40101 SET @OLD_CHARACTER_SET_CLIENT=@@CHARACTER_SET_CLIENT */;
/*!40101 SET @OLD_CHARACTER_SET_RESULTS=@@CHARACTER_SET_RESULTS */;
/*!40101 SET @OLD_COLLATION_CONNECTION=@@COLLATION_CONNECTION */;
/*!40101 SET NAMES utf8 */;

--
-- Database: `coblistdev`
--

-- --------------------------------------------------------

--
-- Table structure for table `RateMaster`
--

CREATE TABLE IF NOT EXISTS `RateMaster` (
  `class` varchar(3) NOT NULL,
  `rate` int(11) NOT NULL,
  `date` date NOT NULL,
  `status` tinyint(1) NOT NULL,
  PRIMARY KEY (`class`),
  UNIQUE KEY `class` (`class`)
) ENGINE=MyISAM DEFAULT CHARSET=latin1;

--
-- Dumping data for table `RateMaster`
--

INSERT INTO `RateMaster` (`class`, `rate`, `date`, `status`) VALUES
('A', 1500, '2016-12-04', 1),
('B', 1200, '2016-12-04', 1),
('C', 1000, '2016-12-04', 1),
('D', 800, '2016-12-04', 1),
('E', 300, '2016-12-04', 1),
('K', 125, '2016-12-04', 1),
('M', 0, '2016-12-04', 1),
('C**', 100, '2016-12-04', 1),
('A**', 100, '2016-12-04', 1);

-- --------------------------------------------------------

--
-- Table structure for table `SlipMaster`
--

CREATE TABLE IF NOT EXISTS `SlipMaster` (
  `slipid` varchar(4) NOT NULL,
  `type` text NOT NULL,
  `dock` text NOT NULL,
  `class` varchar(3) NOT NULL,
  `condition` text NOT NULL,
  `width` float NOT NULL,
  `depth` float NOT NULL,
  `date` datetime NOT NULL DEFAULT CURRENT_TIMESTAMP,
  PRIMARY KEY (`slipid`),
  UNIQUE KEY `slipid` (`slipid`)
) ENGINE=MyISAM DEFAULT CHARSET=latin1;

--
-- Dumping data for table `SlipMaster`
--

INSERT INTO `SlipMaster` (`slipid`, `type`, `dock`, `class`, `condition`, `width`, `depth`, `date`) VALUES
('914', 'Slip', 'MS', 'M', 'Normal', 14, 0, '2016-12-08 08:33:13'),
('918', 'Slip', 'MS', 'M', 'Normal', 14, 0, '2016-12-08 08:33:13'),
('904', 'Slip', 'MS', 'M', 'Normal', 14, 0, '2016-12-08 08:33:13'),
('916', 'Slip', 'MS', 'M', 'Normal', 14, 0, '2016-12-08 08:33:13'),
('922', 'Slip', 'MS', 'M', 'Normal', 14, 0, '2016-12-08 08:33:13'),
('926', 'Slip', 'MS', 'M', 'Normal', 14, 0, '2016-12-08 08:33:13'),
('N01a', 'Kayak', 'North Dock', 'K', 'Normal', 14, 0, '2016-12-08 08:33:13'),
('N02a', 'Kayak', 'North Dock', 'K', 'Normal', 14, 0, '2016-12-08 08:33:13'),
('N02b', 'Kayak', 'North Dock', 'K', 'Normal', 14, 0, '2016-12-08 08:33:13'),
('N02c', 'Kayak', 'North Dock', 'K', 'Normal', 14, 0, '2016-12-08 08:33:13'),
('N02d', 'Kayak', 'North Dock', 'K', 'Normal', 14, 0, '2016-12-08 08:33:13'),
('N02e', 'Kayak', 'North Dock', 'K', 'Normal', 14, 0, '2016-12-08 08:33:13'),
('N02f', 'Kayak', 'North Dock', 'K', 'Normal', 14, 0, '2016-12-08 08:33:13'),
('N03a', 'Kayak', 'North Dock', 'K', 'Normal', 14, 0, '2016-12-08 08:33:13'),
('N03b', 'Kayak', 'North Dock', 'K', 'Normal', 14, 0, '2016-12-08 08:33:13'),
('N04a', 'Kayak', 'North Dock', 'K', 'Normal', 14, 0, '2016-12-08 08:33:13'),
('N04b', 'Kayak', 'North Dock', 'K', 'Normal', 14, 0, '2016-12-08 08:33:13'),
('N05a', 'Kayak', 'North Dock', 'K', 'Normal', 14, 0, '2016-12-08 08:33:13'),
('N06a', 'Kayak', 'North Dock', 'K', 'Normal', 14, 0, '2016-12-08 08:33:13'),
('N06b', 'Kayak', 'North Dock', 'K', 'Normal', 14, 0, '2016-12-08 08:33:13'),
('N07a', 'Kayak', 'North Dock', 'K', 'Normal', 14, 0, '2016-12-08 08:33:13'),
('N07b', 'Kayak', 'North Dock', 'K', 'Normal', 14, 0, '2016-12-08 08:33:13'),
('N08a', 'Kayak', 'North Dock', 'K', 'Normal', 14, 0, '2016-12-08 08:33:13'),
('N08b', 'Kayak', 'North Dock', 'K', 'Normal', 14, 0, '2016-12-08 08:33:13'),
('N09a', 'Kayak', 'North Dock', 'K', 'Normal', 14, 0, '2016-12-08 08:33:13'),
('N10', 'Slip', 'North Dock', 'C', 'Normal', 14, 0, '2016-12-08 08:33:13'),
('N11', 'Slip', 'North Dock', 'C', 'Normal', 14, 0, '2016-12-08 08:33:13'),
('N12', 'Slip', 'North Dock', 'C**', 'Sea Grass', 14, 0, '2016-12-08 08:33:13'),
('N13', 'Slip', 'North Dock', 'C', 'Normal', 14, 0, '2016-12-08 08:33:13'),
('N14', 'Slip', 'North Dock', 'C**', 'Sea Grass', 14, 0, '2016-12-08 08:33:13'),
('N15', 'Slip', 'North Dock', 'C', 'Normal', 14, 0, '2016-12-08 08:33:13'),
('N16', 'Slip', 'North Dock', 'C**', 'Sea Grass', 14, 0, '2016-12-08 08:33:13'),
('N17', 'Slip', 'North Dock', 'C', 'Normal', 14, 0, '2016-12-08 08:33:13'),
('N18', 'Slip', 'North Dock', 'A**', 'Sea Grass', 14, 0, '2016-12-08 08:33:13'),
('N19', 'Slip', 'North Dock', 'C', 'Normal', 14, 0, '2016-12-08 08:33:13'),
('N20', 'Slip', 'North Dock', 'A**', 'Sea Grass', 14, 0, '2016-12-08 08:33:13'),
('N21', 'Slip', 'North Dock', 'B', 'Normal', 14, 0, '2016-12-08 08:33:13'),
('N22', 'Slip', 'North Dock', 'A', 'Normal', 14, 0, '2016-12-08 08:33:13'),
('N23', 'Slip', 'North Dock', 'C', 'for small boat', 14, 0, '2016-12-08 08:33:13'),
('N24', 'Slip', 'North Dock', 'E', 'No finger pier', 14, 0, '2016-12-08 08:33:13'),
('N25', 'Slip', 'North Dock', 'E', 'Normal', 14, 0, '2016-12-08 08:33:13'),
('N27', 'Slip', 'North Dock', 'E', 'No finger pier', 14, 0, '2016-12-08 08:33:13'),
('S01a', 'Kayak', 'South Dock', 'K', 'Normal', 14, 0, '2016-12-08 08:33:13'),
('S01b', 'Kayak', 'South Dock', 'K', 'Normal', 14, 0, '2016-12-08 08:33:13'),
('S02a', 'Kayak', 'South Dock', 'K', 'Normal', 14, 0, '2016-12-08 08:33:13'),
('S02b', 'Kayak', 'South Dock', 'K', 'Normal', 14, 0, '2016-12-08 08:33:13'),
('S02c', 'Kayak', 'South Dock', 'K', 'Normal', 14, 0, '2016-12-08 08:33:13'),
('S02d', 'Kayak', 'South Dock', 'K', 'Normal', 14, 0, '2016-12-08 08:33:13'),
('S02e', 'Kayak', 'South Dock', 'K', 'Normal', 14, 0, '2016-12-08 08:33:13'),
('S02f', 'Kayak', 'South Dock', 'K', 'Normal', 14, 0, '2016-12-08 08:33:13'),
('S03a', 'Kayak', 'South Dock', 'K', 'Normal', 14, 0, '2016-12-08 08:33:13'),
('S03b', 'Kayak', 'South Dock', 'K', 'Normal', 14, 0, '2016-12-08 08:33:13'),
('S04', 'Slip', 'South Dock', 'D', 'Normal', 14, 0, '2016-12-08 08:33:13'),
('S06a', 'Kayak', 'South Dock', 'K', 'Normal', 14, 0, '2016-12-08 08:33:13'),
('S06b', 'Kayak', 'South Dock', 'K', 'Normal', 14, 0, '2016-12-08 08:33:13'),
('S09', 'Slip', 'South Dock', 'C', 'Normal', 14, 0, '2016-12-08 08:33:13'),
('S11', 'Slip', 'South Dock', 'C', 'Normal', 14, 0, '2016-12-08 08:33:13'),
('S12', 'Slip', 'South Dock', 'C', 'Normal', 14, 0, '2016-12-08 08:33:13'),
('S13', 'Slip', 'South Dock', 'C', 'Normal', 14, 0, '2016-12-08 08:33:13'),
('S14', 'Slip', 'South Dock', 'C', 'Normal', 14, 0, '2016-12-08 08:33:13'),
('S15', 'Slip', 'South Dock', 'C', 'Normal', 14, 0, '2016-12-08 08:33:13'),
('S16', 'Slip', 'South Dock', 'C', 'Normal', 14, 0, '2016-12-08 08:33:13'),
('S17', 'Slip', 'South Dock', 'C', 'Normal', 14, 0, '2016-12-08 08:33:13'),
('S18', 'Slip', 'South Dock', 'A', 'Normal', 14, 0, '2016-12-08 08:33:13'),
('S19', 'Slip', 'South Dock', 'C', 'Normal', 14, 0, '2016-12-08 08:33:13'),
('S20', 'Slip', 'South Dock', 'A', 'Normal', 14, 0, '2016-12-08 08:33:13'),
('S21', 'Slip', 'South Dock', 'B', 'Normal', 14, 0, '2016-12-08 08:33:13'),
('S22', 'Slip', 'South Dock', 'A', 'Normal', 14, 0, '2016-12-08 08:33:13'),
('S23', 'Slip', 'South Dock', 'C', 'for small boat', 14, 0, '2016-12-08 08:33:13'),
('S24', 'Slip', 'South Dock', 'E', 'No Finger Pier', 14, 0, '2016-12-08 08:33:13'),
('S25', 'Slip', 'South Dock', 'E', 'Normal', 14, 0, '2016-12-08 08:33:13'),
('S27', 'Slip', 'South Dock', 'E', 'No finger pier', 14, 0, '2016-12-08 08:33:13'),
('N01b', 'Kayak', 'North Dock', 'K', 'Normal', 14, 0, '2016-12-08 08:33:13'),
('N05b', 'Kayak', 'North Dock', 'K', 'Normal', 14, 0, '2016-12-08 08:33:13'),
('N09b', 'Kayak', 'North Dock', 'K', 'Normal', 14, 0, '2016-12-08 08:33:13'),
('912', 'Slip', 'MS', 'M', 'Normal', 14, 0, '2016-12-08 08:33:13'),
('920', 'Slip', 'MS', 'M', 'Normal', 14, 0, '2016-12-08 08:33:13'),
('902', 'Slip', 'MS', 'M', 'Normal', 14, 0, '2016-12-08 08:33:13'),
('906', 'Slip', 'MS', 'M', 'Normal', 14, 0, '2016-12-08 08:33:13'),
('908', 'Slip', 'MS', 'M', 'Normal', 14, 0, '2016-12-08 08:33:13'),
('910', 'Slip', 'MS', 'M', 'Normal', 14, 0, '2016-12-08 08:33:13'),
('924', 'Slip', 'MS', 'M', 'Normal', 14, 0, '2016-12-08 08:33:13'),
('928', 'Slip', 'MS', 'M', 'Normal', 14, 0, '2016-12-08 08:33:13'),
('930', 'Slip', 'MS', 'M', 'Normal', 14, 0, '2016-12-08 08:33:13'),
('932', 'Slip', 'MS', 'M', 'Normal', 14, 0, '2016-12-08 08:33:13'),
('934', 'Slip', 'MS', 'M', 'Normal', 14, 0, '2016-12-08 08:33:13'),
('936', 'Slip', 'MS', 'M', 'Normal', 14, 0, '2016-12-08 08:33:13'),
('938', 'Slip', 'MS', 'M', 'Normal', 14, 0, '2016-12-08 08:33:13'),
('940', 'Slip', 'MS', 'M', 'Normal', 14, 0, '2016-12-08 08:33:13'),
('S07', 'Slip', 'South Dock', 'C', 'Normal', 14, 0, '2016-12-08 08:33:13'),
('S05', 'Slip', 'South Dock', 'C', 'Normal', 14, 0, '2016-12-08 08:33:13'),
('S08a', 'Kayak', 'South Dock', 'K', 'Normal', 14, 0, '2016-12-08 08:33:13'),
('S08b', 'Kayak', 'South Dock', 'K', 'Normal', 14, 0, '2016-12-08 08:33:13'),
('S10b', 'Kayak', 'South Dock', 'K', 'Normal', 14, 0, '2016-12-08 08:33:13'),
('S10a', 'Kayak', 'South Dock', 'K', 'Normal', 14, 0, '2016-12-08 08:33:13');

-- --------------------------------------------------------

--
-- Table structure for table `Slips`
--

CREATE TABLE IF NOT EXISTS `Slips` (
  `slid` mediumint(9) NOT NULL AUTO_INCREMENT,
  `unit` varchar(50) NOT NULL,
  `names` text NOT NULL,
  `slipid` varchar(4) NOT NULL,
  `lift` tinyint(1) NOT NULL,
  `phone` varchar(50) NOT NULL,
  `email` varchar(40) NOT NULL,
  `userid` varchar(15) DEFAULT NULL,
  PRIMARY KEY (`slid`),
  KEY `slipid` (`slipid`),
  KEY `unit` (`unit`)
) ENGINE=MyISAM DEFAULT CHARSET=latin1 AUTO_INCREMENT=1 ;

-- --------------------------------------------------------

--
-- Table structure for table `UnitMaster`
--

CREATE TABLE IF NOT EXISTS `UnitMaster` (
  `Unit` varchar(19) DEFAULT NULL,
  `Floor` int(2) DEFAULT NULL,
  `Stack` varchar(2) DEFAULT NULL,
  `Space` int(11) DEFAULT NULL,
  `Bldg` varchar(13) DEFAULT NULL,
  `PropID` text,
  `Count` int(1) DEFAULT NULL,
  `Owner` varchar(50) NOT NULL,
  `Renter` varchar(50) NOT NULL,
  `Voter` varchar(50) NOT NULL,
  `Address` varchar(50) DEFAULT NULL,
  `CityStateZip` varchar(50) DEFAULT NULL,
  UNIQUE KEY `Unit` (`Unit`)
) ENGINE=MyISAM DEFAULT CHARSET=utf8;

--
-- Dumping data for table `UnitMaster`
--

INSERT INTO `UnitMaster` (`Unit`, `Floor`, `Stack`, `Space`, `Bldg`, `PropID`, `Count`, `Owner`, `Renter`, `Voter`, `Address`, `CityStateZip`) VALUES
('Tower 1 # 101', 1, '01', 1012, 'Tower 1', '2009095001', 0, '', '', '', '', ''),
('Tower 1 # 102', 1, '02', 1011, 'Tower 1', '2009095002', 0, '', '', '', '', ''),
('Tower 1 # 103', 1, '03', 1010, 'Tower 1', '2009095003', 0, '', '', '', '', ''),
('Tower 1 # 104', 1, '04', 1009, 'Tower 1', '2009095004', 0, '', '', '', '', ''),
('Tower 1 # 201', 2, '01', 1046, 'Tower 1', '2009095005', 0, '', '', '', '', ''),
('Tower 1 # 202', 2, '02', 1045, 'Tower 1', '2009095006', 0, '', '', '', '', ''),
('Tower 1 # 203', 2, '03', 1044, 'Tower 1', '2009095007', 0, '', '', '', '', ''),
('Tower 1 # 204', 2, '04', 1043, 'Tower 1', '2009095008', 0, '', '', '', '', ''),
('Tower 1 # 205', 2, '05', 1052, 'Tower 1', '2009095009', 0, '', '', '', '', ''),
('Tower 1 # 206', 2, '06', 1051, 'Tower 1', '2009095010', 0, '', '', '', '', ''),
('Tower 1 # 207', 2, '07', 1042, 'Tower 1', '2009095011', 0, '', '', '', '', ''),
('Tower 1 # 208', 2, '08', 1041, 'Tower 1', '2009095012', 0, '', '', '', '', ''),
('Tower 1 # 301', 3, '01', 1050, 'Tower 1', '2009095013', 0, '', '', '', '', ''),
('Tower 1 # 302', 3, '02', 1049, 'Tower 1', '2009095014', 0, '', '', '', '', ''),
('Tower 1 # 303', 3, '03', 1048, 'Tower 1', '2009095015', 0, '', '', '', '', ''),
('Tower 1 # 304', 3, '04', 1047, 'Tower 1', '2009095016', 0, '', '', '', '', ''),
('Tower 1 # 305', 3, '05', 1056, 'Tower 1', '2009095017', 0, '', '', '', '', ''),
('Tower 1 # 306', 3, '06', 1055, 'Tower 1', '2009095018', 0, '', '', '', '', ''),
('Tower 1 # 307', 3, '07', 1054, 'Tower 1', '2009095019', 0, '', '', '', '', ''),
('Tower 1 # 308', 3, '08', 1053, 'Tower 1', '2009095020', 0, '', '', '', '', ''),
('Tower 1 # 401', 4, '01', 1037, 'Tower 1', '2009095021', 0, '', '', '', '', ''),
('Tower 1 # 402', 4, '02', 1038, 'Tower 1', '2009095022', 0, '', '', '', '', ''),
('Tower 1 # 403', 4, '03', 1039, 'Tower 1', '2009095023', 0, '', '', '', '', ''),
('Tower 1 # 404', 4, '04', 1040, 'Tower 1', '2009095024', 0, '', '', '', '', ''),
('Tower 1 # 405', 4, '05', 1060, 'Tower 1', '2009095025', 0, '', '', '', '', ''),
('Tower 1 # 406', 4, '06', 1059, 'Tower 1', '2009095026', 0, '', '', '', '', ''),
('Tower 1 # 407', 4, '07', 1058, 'Tower 1', '2009095027', 0, '', '', '', '', ''),
('Tower 1 # 408', 4, '08', 1057, 'Tower 1', '2009095028', 0, '', '', '', '', ''),
('Tower 1 # 501', 5, '01', 1033, 'Tower 1', '2009095029', 0, '', '', '', '', ''),
('Tower 1 # 502', 5, '02', 1034, 'Tower 1', '2009095030', 0, '', '', '', '', ''),
('Tower 1 # 503', 5, '03', 1035, 'Tower 1', '2009095031', 0, '', '', '', '', ''),
('Tower 1 # 504', 5, '04', 1036, 'Tower 1', '2009095032', 0, '', '', '', '', ''),
('Tower 1 # 505', 5, '05', 1064, 'Tower 1', '2009095033', 0, '', '', '', '', ''),
('Tower 1 # 506', 5, '06', 1063, 'Tower 1', '2009095034', 0, '', '', '', '', ''),
('Tower 1 # 507', 5, '07', 1062, 'Tower 1', '2009095035', 0, '', '', '', '', ''),
('Tower 1 # 508', 5, '08', 1061, 'Tower 1', '2009095036', 0, '', '', '', '', ''),
('Tower 1 # 601', 6, '01', 1029, 'Tower 1', '2009095037', 0, '', '', '', '', ''),
('Tower 1 # 602', 6, '02', 1030, 'Tower 1', '2009095038', 0, '', '', '', '', ''),
('Tower 1 # 603', 6, '03', 1031, 'Tower 1', '2009095039', 0, '', '', '', '', ''),
('Tower 1 # 604', 6, '04', 1032, 'Tower 1', '2009095040', 0, '', '', '', '', ''),
('Tower 1 # 605', 6, '05', 1068, 'Tower 1', '2009095041', 0, '', '', '', '', ''),
('Tower 1 # 606', 6, '06', 1067, 'Tower 1', '2009095042', 0, '', '', '', '', ''),
('Tower 1 # 607', 6, '07', 1066, 'Tower 1', '2009095043', 0, '', '', '', '', ''),
('Tower 1 # 608', 6, '08', 1065, 'Tower 1', '2009095044', 0, '', '', '', '', ''),
('Tower 1 # 701', 7, '01', 1130, 'Tower 1', '2009095045', 0, '', '', '', '', ''),
('Tower 1 # 702', 7, '02', 1026, 'Tower 1', '2009095046', 0, '', '', '', '', ''),
('Tower 1 # 703', 7, '03', 1027, 'Tower 1', '2009095047', 0, '', '', '', '', ''),
('Tower 1 # 704', 7, '04', 1028, 'Tower 1', '2009095048', 0, '', '', '', '', ''),
('Tower 1 # 705', 7, '05', 1072, 'Tower 1', '2009095049', 0, '', '', '', '', ''),
('Tower 1 # 706', 7, '06', 1071, 'Tower 1', '2009095050', 0, '', '', '', '', ''),
('Tower 1 # 707', 7, '07', 1070, 'Tower 1', '2009095051', 0, '', '', '', '', ''),
('Tower 1 # 708', 7, '08', 1069, 'Tower 1', '2009095052', 0, '', '', '', '', ''),
('Tower 1 # 801', 8, '01', 1134, 'Tower 1', '2009095053', 0, '', '', '', '', ''),
('Tower 1 # 802', 8, '02', 1133, 'Tower 1', '2009095054', 0, '', '', '', '', ''),
('Tower 1 # 803', 8, '03', 1132, 'Tower 1', '2009095055', 0, '', '', '', '', ''),
('Tower 1 # 804', 8, '04', 1131, 'Tower 1', '2009095056', 0, '', '', '', '', ''),
('Tower 1 # 805', 8, '05', 1076, 'Tower 1', '2009095057', 0, '', '', '', '', ''),
('Tower 1 # 806', 8, '06', 1075, 'Tower 1', '2009095058', 0, '', '', '', '', ''),
('Tower 1 # 807', 8, '07', 1074, 'Tower 1', '2009095059', 0, '', '', '', '', ''),
('Tower 1 # 808', 8, '08', 1073, 'Tower 1', '2009095060', 0, '', '', '', '', ''),
('Tower 1 # 901', 9, '01', 1138, 'Tower 1', '2009095061', 0, '', '', '', '', ''),
('Tower 1 # 902', 9, '02', 1137, 'Tower 1', '2009095062', 0, '', '', '', '', ''),
('Tower 1 # 903', 9, '03', 1136, 'Tower 1', '2009095063', 0, '', '', '', '', ''),
('Tower 1 # 904', 9, '04', 1135, 'Tower 1', '2009095064', 0, '', '', '', '', ''),
('Tower 1 # 905', 9, '05', 1121, 'Tower 1', '2009095065', 0, '', '', '', '', ''),
('Tower 1 # 906', 9, '06', 1120, 'Tower 1', '2009095066', 0, '', '', '', '', ''),
('Tower 1 # 907', 9, '07', 1078, 'Tower 1', '2009095067', 0, '', '', '', '', ''),
('Tower 1 # 908', 9, '08', 1077, 'Tower 1', '2009095068', 0, '', '', '', '', ''),
('Tower 1 #1001', 10, '01', 1002, 'Tower 1', '2009095069', 0, '', '', '', '', ''),
('Tower 1 #1002', 10, '02', 1095, 'Tower 1', '2009095070', 0, '', '', '', '', ''),
('Tower 1 #1003', 10, '03', 1140, 'Tower 1', '2009095071', 0, '', '', '', '', ''),
('Tower 1 #1004', 10, '04', 1139, 'Tower 1', '2009095072', 0, '', '', '', '', ''),
('Tower 1 #1005', 10, '05', 1125, 'Tower 1', '2009095073', 0, '', '', '', '', ''),
('Tower 1 #1006', 10, '06', 1124, 'Tower 1', '2009095074', 0, '', '', '', '', ''),
('Tower 1 #1007', 10, '07', 1123, 'Tower 1', '2009095075', 0, '', '', '', '', ''),
('Tower 1 #1008', 10, '08', 1122, 'Tower 1', '2009095076', 0, '', '', '', '', ''),
('Tower 1 #1101', 11, '01', 1099, 'Tower 1', '2009095077', 0, '', '', '', '', ''),
('Tower 1 #1102', 11, '02', 1098, 'Tower 1', '2009095078', 0, '', '', '', '', ''),
('Tower 1 #1103', 11, '03', 1097, 'Tower 1', '2009095079', 0, '', '', '', '', ''),
('Tower 1 #1104', 11, '04', 1096, 'Tower 1', '2009095080', 0, '', '', '', '', ''),
('Tower 1 #1105', 11, '05', 1129, 'Tower 1', '2009095081', 0, '', '', '', '', ''),
('Tower 1 #1106', 11, '06', 1128, 'Tower 1', '2009095082', 0, '', '', '', '', ''),
('Tower 1 #1107', 11, '07', 1127, 'Tower 1', '2009095083', 0, '', '', '', '', ''),
('Tower 1 #1108', 11, '08', 1126, 'Tower 1', '2009095084', 0, '', '', '', '', ''),
('Tower 1 #1201', 12, '01', 1103, 'Tower 1', '2009095085', 0, '', '', '', '', ''),
('Tower 1 #1202', 12, '02', 1102, 'Tower 1', '2009095086', 0, '', '', '', '', ''),
('Tower 1 #1203', 12, '03', 1101, 'Tower 1', '2009095087', 0, '', '', '', '', ''),
('Tower 1 #1204', 12, '04', 1100, 'Tower 1', '2009095088', 0, '', '', '', '', ''),
('Tower 1 #1205', 12, '05', 1111, 'Tower 1', '2009095089', 0, '', '', '', '', ''),
('Tower 1 #1206', 12, '06', 1110, 'Tower 1', '2009095090', 0, '', '', '', '', ''),
('Tower 1 #1207', 12, '07', 1109, 'Tower 1', '2009095091', 0, '', '', '', '', ''),
('Tower 1 #1208', 12, '08', 1108, 'Tower 1', '2009095092', 0, '', '', '', '', ''),
('Tower 1 #1401', 14, '01', 1107, 'Tower 1', '2009095093', 0, '', '', '', '', ''),
('Tower 1 #1402', 14, '02', 1106, 'Tower 1', '2009095094', 0, '', '', '', '', ''),
('Tower 1 #1403', 14, '03', 1105, 'Tower 1', '2009095095', 0, '', '', '', '', ''),
('Tower 1 #1404', 14, '04', 1104, 'Tower 1', '2009095096', 0, '', '', '', '', ''),
('Tower 1 #1405', 14, '05', 1115, 'Tower 1', '2009095097', 0, '', '', '', '', ''),
('Tower 1 #1406', 14, '06', 1114, 'Tower 1', '2009095098', 0, '', '', '', '', ''),
('Tower 1 #1407', 14, '07', 1113, 'Tower 1', '2009095099', 0, '', '', '', '', ''),
('Tower 1 #1408', 14, '08', 1112, 'Tower 1', '2009095100', 0, '', '', '', '', ''),
('Tower 1 #1501', 15, '01', 1021, 'Tower 1', '2009095101', 0, '', '', '', '', ''),
('Tower 1 #1502', 15, '02', 1020, 'Tower 1', '2009095102', 0, '', '', '', '', ''),
('Tower 1 #1503', 15, '03', 1019, 'Tower 1', '2009095103', 0, '', '', '', '', ''),
('Tower 1 #1504', 15, '04', 1018, 'Tower 1', '2009095104', 0, '', '', '', '', ''),
('Tower 1 #1505', 15, '05', 1119, 'Tower 1', '2009095105', 0, '', '', '', '', ''),
('Tower 1 #1506', 15, '06', 1118, 'Tower 1', '2009095106', 0, '', '', '', '', ''),
('Tower 1 #1507', 15, '07', 1117, 'Tower 1', '2009095107', 0, '', '', '', '', ''),
('Tower 1 #1508', 15, '08', 1116, 'Tower 1', '2009095108', 0, '', '', '', '', ''),
('Tower 1 #1601', 16, '01', 1025, 'Tower 1', '2009095109', 0, '', '', '', '', ''),
('Tower 1 #1602', 16, '02', 1024, 'Tower 1', '2009095109', 0, '', '', '', '', ''),
('Tower 1 #1603', 16, '03', 1023, 'Tower 1', '2009095111', 0, '', '', '', '', ''),
('Tower 1 #1604', 16, '04', 1022, 'Tower 1', '2009095112', 0, '', '', '', '', ''),
('Tower 1 #1605', 16, '05', 1082, 'Tower 1', '2009095113', 0, '', '', '', '', ''),
('Tower 1 #1606', 16, '06', 1081, 'Tower 1', '2009095114', 0, '', '', '', '', ''),
('Tower 1 #1607', 16, '07', 1080, 'Tower 1', '2009095115', 0, '', '', '', '', ''),
('Tower 1 #1608', 16, '08', 1079, 'Tower 1', '2009095116', 0, '', '', '', '', ''),
('Tower 1 #1701', 17, '01', 1004, 'Tower 1', '2009095117', 0, '', '', '', '', ''),
('Tower 1 #1702', 17, '02', 1003, 'Tower 1', '2009095118', 0, '', '', '', '', ''),
('Tower 1 #1703', 17, '03', 1017, 'Tower 1', '2009095119', 0, '', '', '', '', ''),
('Tower 1 #1704', 17, '04', 1001, 'Tower 1', '2009095120', 0, '', '', '', '', ''),
('Tower 1 #1705', 17, '05', 1091, 'Tower 1', '2009095121', 0, '', '', '', '', ''),
('Tower 1 #1706', 17, '06', 1092, 'Tower 1', '2009095122', 0, '', '', '', '', ''),
('Tower 1 #1707', 17, '07', 1084, 'Tower 1', '2009095123', 0, '', '', '', '', ''),
('Tower 1 #1708', 17, '08', 1083, 'Tower 1', '2009095124', 0, '', '', '', '', ''),
('Tower 1 #1801', 18, '01', 1008, 'Tower 1', '2009095125', 0, '', '', '', '', ''),
('Tower 1 #1802', 18, '02', 1007, 'Tower 1', '2009095125', 0, '', '', '', '', ''),
('Tower 1 #1803', 18, '03', 1006, 'Tower 1', '2009095126', 0, '', '', '', '', ''),
('Tower 1 #1804', 18, '04', 1005, 'Tower 1', '2009095127', 0, '', '', '', '', ''),
('Tower 1 #1805', 18, '05', 1090, 'Tower 1', '2009095128', 0, '', '', '', '', ''),
('Tower 1 #1806', 18, '06', 1089, 'Tower 1', '2009095129', 0, '', '', '', '', ''),
('Tower 1 #1807', 18, '07', 1088, 'Tower 1', '2009095130', 0, '', '', '', '', ''),
('Tower 1 #1808', 18, '08', 1087, 'Tower 1', '2009095131', 0, '', '', '', '', ''),
('Tower 1 #1901', 19, '01', 1016, 'Tower 1', '2009095132', 0, '', '', '', '', ''),
('Tower 1 #1902', 19, '02', 1015, 'Tower 1', '2009095132', 0, '', '', '', '', ''),
('Tower 1 #1903', 19, '03', 1014, 'Tower 1', '2009095132', 0, '', '', '', '', ''),
('Tower 1 #1904', 19, '04', 1013, 'Tower 1', '2009095134', 0, '', '', '', '', ''),
('Tower 1 #1905', 19, '05', 1094, 'Tower 1', '2009095135', 0, '', '', '', '', ''),
('Tower 1 #1906', 19, '06', 1093, 'Tower 1', '2009095136', 0, '', '', '', '', ''),
('Tower 1 #1907', 19, '07', 1085, 'Tower 1', '2009095137', 0, '', '', '', '', ''),
('Tower 1 #1908', 19, '08', 1086, 'Tower 1', '2009095137', 0, '', '', '', '', ''),
('Tower 2 # 109', 1, '09', 2020, 'Tower 2', '2009096001', 0, '', '', '', '', ''),
('Tower 2 # 110', 1, '10', 2113, 'Tower 2', '2009096002', 0, '', '', '', '', ''),
('Tower 2 # 111', 1, '11', 2111, 'Tower 2', '2009096003', 0, '', '', '', '', ''),
('Tower 2 # 112', 1, '12', 2112, 'Tower 2', '2009096004', 0, '', '', '', '', ''),
('Tower 2 # 115', 1, '15', NULL, 'Tower 2', '', 0, '', '', '', '', ''),
('Tower 2 # 209', 2, '09', 2009, 'Tower 2', '2009096005', 0, '', '', '', '', ''),
('Tower 2 # 210', 2, '10', 2005, 'Tower 2', '2009096006', 0, '', '', '', '', ''),
('Tower 2 # 211', 2, '11', 2006, 'Tower 2', '2009096007', 0, '', '', '', '', ''),
('Tower 2 # 212', 2, '12', 2095, 'Tower 2', '2009096008', 0, '', '', '', '', ''),
('Tower 2 # 214', 2, '14', 2050, 'Tower 2', '2009096009', 0, '', '', '', '', ''),
('Tower 2 # 215', 2, '15', 2096, 'Tower 2', '2009096010', 0, '', '', '', '', ''),
('Tower 2 # 216', 2, '16', 2097, 'Tower 2', '2009096011', 0, '', '', '', '', ''),
('Tower 2 # 217', 2, '17', 2068, 'Tower 2', '2009096012', 0, '', '', '', '', ''),
('Tower 2 # 309', 3, '09', 2018, 'Tower 2', '2009096013', 0, '', '', '', '', ''),
('Tower 2 # 310', 3, '10', 2003, 'Tower 2', '2009096014', 0, '', '', '', '', ''),
('Tower 2 # 311', 3, '11', 2004, 'Tower 2', '2009096015', 0, '', '', '', '', ''),
('Tower 2 # 312', 3, '12', 2125, 'Tower 2', '2009096016', 0, '', '', '', '', ''),
('Tower 2 # 314', 3, '14', 2049, 'Tower 2', '2009096017', 0, '', '', '', '', ''),
('Tower 2 # 315', 3, '15', 2092, 'Tower 2', '2009096018', 0, '', '', '', '', ''),
('Tower 2 # 316', 3, '16', 2093, 'Tower 2', '2009096019', 0, '', '', '', '', ''),
('Tower 2 # 317', 3, '17', 2069, 'Tower 2', '2009096020', 0, '', '', '', '', ''),
('Tower 2 # 409', 4, '09', 2017, 'Tower 2', '2009096021', 0, '', '', '', '', ''),
('Tower 2 # 410', 4, '10', 2001, 'Tower 2', '2009096022', 0, '', '', '', '', ''),
('Tower 2 # 411', 4, '11', 2002, 'Tower 2', '2009096023', 0, '', '', '', '', ''),
('Tower 2 # 412', 4, '12', 2126, 'Tower 2', '2009096024', 0, '', '', '', '', ''),
('Tower 2 # 414', 4, '14', 2048, 'Tower 2', '2009096025', 0, '', '', '', '', ''),
('Tower 2 # 415', 4, '15', 2090, 'Tower 2', '2009096026', 0, '', '', '', '', ''),
('Tower 2 # 416', 4, '16', 2091, 'Tower 2', '2009096027', 0, '', '', '', '', ''),
('Tower 2 # 417', 4, '17', 2070, 'Tower 2', '2009096028', 0, '', '', '', '', ''),
('Tower 2 # 509', 5, '09', 2016, 'Tower 2', '2009096029', 0, '', '', '', '', ''),
('Tower 2 # 510', 5, '10', 2108, 'Tower 2', '2009096030', 0, '', '', '', '', ''),
('Tower 2 # 511', 5, '11', 2107, 'Tower 2', '2009096031', 0, '', '', '', '', ''),
('Tower 2 # 512', 5, '12', 2127, 'Tower 2', '2009096032', 0, '', '', '', '', ''),
('Tower 2 # 514', 5, '14', 2047, 'Tower 2', '2009096033', 0, '', '', '', '', ''),
('Tower 2 # 515', 5, '15', 2088, 'Tower 2', '2009096034', 0, '', '', '', '', ''),
('Tower 2 # 516', 5, '16', 2089, 'Tower 2', '2009096035', 0, '', '', '', '', ''),
('Tower 2 # 517', 5, '17', 2071, 'Tower 2', '2009096036', 0, '', '', '', '', ''),
('Tower 2 # 609', 6, '09', 2015, 'Tower 2', '2009096037', 0, '', '', '', '', ''),
('Tower 2 # 610', 6, '10', 2110, 'Tower 2', '2009096038', 0, '', '', '', '', ''),
('Tower 2 # 611', 6, '11', 2109, 'Tower 2', '2009096039', 0, '', '', '', '', ''),
('Tower 2 # 612', 6, '12', 2128, 'Tower 2', '2009096040', 0, '', '', '', '', ''),
('Tower 2 # 614', 6, '14', 2046, 'Tower 2', '2009096041', 0, '', '', '', '', ''),
('Tower 2 # 615', 6, '15', 2086, 'Tower 2', '2009096042', 0, '', '', '', '', ''),
('Tower 2 # 616', 6, '16', 2087, 'Tower 2', '2009096043', 0, '', '', '', '', ''),
('Tower 2 # 617', 6, '17', 2072, 'Tower 2', '2009096044', 0, '', '', '', '', ''),
('Tower 2 # 709', 7, '09', 2014, 'Tower 2', '2009096045', 0, '', '', '', '', ''),
('Tower 2 # 710', 7, '10', 2105, 'Tower 2', '2009096046', 0, '', '', '', '', ''),
('Tower 2 # 711', 7, '11', 2106, 'Tower 2', '2009096047', 0, '', '', '', '', ''),
('Tower 2 # 712', 7, '12', 2129, 'Tower 2', '2009096048', 0, '', '', '', '', ''),
('Tower 2 # 714', 7, '14', 2094, 'Tower 2', '2009096049', 0, '', '', '', '', ''),
('Tower 2 # 715', 7, '15', 2084, 'Tower 2', '2009096050', 0, '', '', '', '', ''),
('Tower 2 # 716', 7, '16', 2085, 'Tower 2', '2009096051', 0, '', '', '', '', ''),
('Tower 2 # 717', 7, '17', 2073, 'Tower 2', '2009096052', 0, '', '', '', '', ''),
('Tower 2 # 809', 8, '09', 2013, 'Tower 2', '2009096053', 0, '', '', '', '', ''),
('Tower 2 # 810', 8, '10', 2136, 'Tower 2', '2009096054', 0, '', '', '', '', ''),
('Tower 2 # 811', 8, '11', 2104, 'Tower 2', '2009096055', 0, '', '', '', '', ''),
('Tower 2 # 812', 8, '12', 2130, 'Tower 2', '2009096056', 0, '', '', '', '', ''),
('Tower 2 # 814', 8, '14', 2044, 'Tower 2', '2009096057', 0, '', '', '', '', ''),
('Tower 2 # 815', 8, '15', 2082, 'Tower 2', '2009096058', 0, '', '', '', '', ''),
('Tower 2 # 816', 8, '16', 2083, 'Tower 2', '2009096059', 0, '', '', '', '', ''),
('Tower 2 # 817', 8, '17', 2074, 'Tower 2', '2009096060', 0, '', '', '', '', ''),
('Tower 2 # 909', 9, '09', 2012, 'Tower 2', '2009096061', 0, '', '', '', '', ''),
('Tower 2 # 910', 9, '10', 2138, 'Tower 2', '2009096062', 0, '', '', '', '', ''),
('Tower 2 # 911', 9, '11', 2137, 'Tower 2', '2009096063', 0, '', '', '', '', ''),
('Tower 2 # 912', 9, '12', 2131, 'Tower 2', '2009096064', 0, '', '', '', '', ''),
('Tower 2 # 914', 9, '14', 2043, 'Tower 2', '2009096065', 0, '', '', '', '', ''),
('Tower 2 # 915', 9, '15', 2080, 'Tower 2', '2009096066', 0, '', '', '', '', ''),
('Tower 2 # 916', 9, '16', 2081, 'Tower 2', '2009096067', 0, '', '', '', '', ''),
('Tower 2 # 917', 9, '17', 2075, 'Tower 2', '2009096068', 0, '', '', '', '', ''),
('Tower 2 #1009', 10, '09', 2011, 'Tower 2', '2009096069', 0, '', '', '', '', ''),
('Tower 2 #1010', 10, '10', 2140, 'Tower 2', '2009096070', 0, '', '', '', '', ''),
('Tower 2 #1011', 10, '11', 2139, 'Tower 2', '2009096071', 0, '', '', '', '', ''),
('Tower 2 #1012', 10, '12', 2132, 'Tower 2', '2009096072', 0, '', '', '', '', ''),
('Tower 2 #1014', 10, '14', 2042, 'Tower 2', '2009096073', 0, '', '', '', '', ''),
('Tower 2 #1015', 10, '15', 2078, 'Tower 2', '2009096074', 0, '', '', '', '', ''),
('Tower 2 #1016', 10, '16', 2079, 'Tower 2', '2009096075', 0, '', '', '', '', ''),
('Tower 2 #1017', 10, '17', 2029, 'Tower 2', '2009096076', 0, '', '', '', '', ''),
('Tower 2 #1109', 11, '09', 2010, 'Tower 2', '2009096077', 0, '', '', '', '', ''),
('Tower 2 #1110', 11, '10', 2142, 'Tower 2', '2009096078', 0, '', '', '', '', ''),
('Tower 2 #1111', 11, '11', 2141, 'Tower 2', '2009096079', 0, '', '', '', '', ''),
('Tower 2 #1112', 11, '12', 2133, 'Tower 2', '2009096080', 0, '', '', '', '', ''),
('Tower 2 #1114', 11, '14', 2041, 'Tower 2', '2009096081', 0, '', '', '', '', ''),
('Tower 2 #1115', 11, '15', 2076, 'Tower 2', '2009096082', 0, '', '', '', '', ''),
('Tower 2 #1116', 11, '16', 2077, 'Tower 2', '2009096083', 0, '', '', '', '', ''),
('Tower 2 #1117', 11, '17', 2030, 'Tower 2', '2009096084', 0, '', '', '', '', ''),
('Tower 2 #1209', 12, '09', 2009, 'Tower 2', '2009096085', 0, '', '', '', '', ''),
('Tower 2 #1210', 12, '10', 2144, 'Tower 2', '2009096086', 0, '', '', '', '', ''),
('Tower 2 #1211', 12, '11', 2143, 'Tower 2', '2009096087', 0, '', '', '', '', ''),
('Tower 2 #1212', 12, '12', 2134, 'Tower 2', '2009096088', 0, '', '', '', '', ''),
('Tower 2 #1214', 12, '14', 2045, 'Tower 2', '2009096089', 0, '', '', '', '', ''),
('Tower 2 #1215', 12, '15', 2061, 'Tower 2', '2009096090', 0, '', '', '', '', ''),
('Tower 2 #1216', 12, '16', 2062, 'Tower 2', '2009096091', 0, '', '', '', '', ''),
('Tower 2 #1217', 12, '17', 2031, 'Tower 2', '2009096092', 0, '', '', '', '', ''),
('Tower 2 #1409', 14, '09', 2008, 'Tower 2', '2009096093', 0, '', '', '', '', ''),
('Tower 2 #1410', 14, '10', 2007, 'Tower 2', '2009096094', 0, '', '', '', '', ''),
('Tower 2 #1411', 14, '11', 2145, 'Tower 2', '2009096095', 0, '', '', '', '', ''),
('Tower 2 #1412', 14, '12', 2135, 'Tower 2', '2009096096', 0, '', '', '', '', ''),
('Tower 2 #1414', 14, '14', 2067, 'Tower 2', '2009096097', 0, '', '', '', '', ''),
('Tower 2 #1415', 14, '15', 2059, 'Tower 2', '2009096098', 0, '', '', '', '', ''),
('Tower 2 #1416', 14, '16', 2060, 'Tower 2', '2009096099', 0, '', '', '', '', ''),
('Tower 2 #1417', 14, '17', 2032, 'Tower 2', '2009096100', 0, '', '', '', '', ''),
('Tower 2 #1509', 15, '09', 2117, 'Tower 2', '2009096101', 0, '', '', '', '', ''),
('Tower 2 #1510', 15, '10', 2118, 'Tower 2', '2009096102', 0, '', '', '', '', ''),
('Tower 2 #1511', 15, '11', 2103, 'Tower 2', '2009096103', 0, '', '', '', '', ''),
('Tower 2 #1512', 15, '12', 2028, 'Tower 2', '2009096104', 0, '', '', '', '', ''),
('Tower 2 #1514', 15, '14', 2066, 'Tower 2', '2009096105', 0, '', '', '', '', ''),
('Tower 2 #1515', 15, '15', 2057, 'Tower 2', '2009096106', 0, '', '', '', '', ''),
('Tower 2 #1516', 15, '16', 2058, 'Tower 2', '2009096107', 0, '', '', '', '', ''),
('Tower 2 #1517', 15, '17', 2033, 'Tower 2', '2009096108', 0, '', '', '', '', ''),
('Tower 2 #1609', 16, '09', 2116, 'Tower 2', '2009096109', 0, '', '', '', '', ''),
('Tower 2 #1610', 16, '10', 2123, 'Tower 2', '2009096110', 0, '', '', '', '', ''),
('Tower 2 #1611', 16, '11', 2124, 'Tower 2', '2009096111', 0, '', '', '', '', ''),
('Tower 2 #1612', 16, '12', 2027, 'Tower 2', '2009096112', 0, '', '', '', '', ''),
('Tower 2 #1614', 16, '14', 2065, 'Tower 2', '2009096113', 0, '', '', '', '', ''),
('Tower 2 #1615', 16, '15', 2055, 'Tower 2', '2009096114', 0, '', '', '', '', ''),
('Tower 2 #1616', 16, '16', 2056, 'Tower 2', '2009096115', 0, '', '', '', '', ''),
('Tower 2 #1617', 16, '17', 2034, 'Tower 2', '2009096116', 0, '', '', '', '', ''),
('Tower 2 #1709', 17, '09', 2115, 'Tower 2', '2009096117', 0, '', '', '', '', ''),
('Tower 2 #1710', 17, '10', 2121, 'Tower 2', '2009096118', 0, '', '', '', '', ''),
('Tower 2 #1711', 17, '11', 2122, 'Tower 2', '2009096119', 0, '', '', '', '', ''),
('Tower 2 #1712', 17, '12', 2026, 'Tower 2', '2009096120', 0, '', '', '', '', ''),
('Tower 2 #1714', 17, '14', 2064, 'Tower 2', '2009096121', 0, '', '', '', '', ''),
('Tower 2 #1715', 17, '15', 2053, 'Tower 2', '2009096122', 0, '', '', '', '', ''),
('Tower 2 #1716', 17, '16', 2054, 'Tower 2', '2009096123', 0, '', '', '', '', ''),
('Tower 2 #1717', 17, '17', 2035, 'Tower 2', '2009096124', 0, '', '', '', '', ''),
('Tower 2 #1809', 18, '09', 2114, 'Tower 2', '2009096125', 0, '', '', '', '', ''),
('Tower 2 #1810', 18, '10', 2119, 'Tower 2', '2009096126', 0, '', '', '', '', ''),
('Tower 2 #1811', 18, '11', 2120, 'Tower 2', '2009096127', 0, '', '', '', '', ''),
('Tower 2 #1812', 18, '12', 2025, 'Tower 2', '2009096128', 0, '', '', '', '', ''),
('Tower 2 #1814', 18, '14', 2063, 'Tower 2', '2009096129', 0, '', '', '', '', ''),
('Tower 2 #1815', 18, '15', 2051, 'Tower 2', '2009096129', 0, '', '', '', '', ''),
('Tower 2 #1816', 18, '16', 2052, 'Tower 2', '2009096131', 0, '', '', '', '', ''),
('Tower 2 #1817', 18, '17', 2036, 'Tower 2', '2009096132', 0, '', '', '', '', ''),
('Tower 2 #1909', 19, '09', 2021, 'Tower 2', '2009096133', 0, '', '', '', '', ''),
('Tower 2 #1910', 19, '10', 2022, 'Tower 2', '2009096133', 0, '', '', '', '', ''),
('Tower 2 #1911', 19, '11', 2023, 'Tower 2', '2009096133', 0, '', '', '', '', ''),
('Tower 2 #1912', 19, '12', 2024, 'Tower 2', '2009096135', 0, '', '', '', '', ''),
('Tower 2 #1914', 19, '14', 2037, 'Tower 2', '2009096136', 0, '', '', '', '', ''),
('Tower 2 #1915', 19, '15', 2038, 'Tower 2', '2009096137', 0, '', '', '', '', ''),
('Tower 2 #1916', 19, '16', 2039, 'Tower 2', '2009096138', 0, '', '', '', '', ''),
('Tower 2 #1917', 19, '17', 2040, 'Tower 2', '2009096139', 0, '', '', '', '', ''),
('Marina Suites # 902', 1, '20', 902, 'Marina Suites', '2009097001', 0, '', '', '', '', ''),
('Marina Suites # 904', 1, '20', 904, 'Marina Suites', '2009097002', 0, '', '', '', '', ''),
('Marina Suites # 906', 1, '20', 906, 'Marina Suites', '2009097003', 0, '', '', '', '', ''),
('Marina Suites # 908', 1, '20', 908, 'Marina Suites', '2009097004', 0, '', '', '', '', ''),
('Marina Suites # 910', 1, '20', 910, 'Marina Suites', '2009097005', 0, '', '', '', '', ''),
('Marina Suites # 912', 1, '20', 912, 'Marina Suites', '2009097006', 0, '', '', '', '', ''),
('Marina Suites # 914', 1, '20', 914, 'Marina Suites', '2009097007', 0, '', '', '', '', ''),
('Marina Suites # 916', 1, '20', 916, 'Marina Suites', '2009097008', 0, '', '', '', '', ''),
('Marina Suites # 918', 1, '20', 918, 'Marina Suites', '2009097009', 0, '', '', '', '', ''),
('Marina Suites # 920', 1, '20', 920, 'Marina Suites', '2009097010', 0, '', '', '', '', ''),
('Marina Suites # 922', 1, '20', 922, 'Marina Suites', '2009097011', 0, '', '', '', '', ''),
('Marina Suites # 924', 1, '20', 924, 'Marina Suites', '2009097012', 0, '', '', '', '', ''),
('Marina Suites # 926', 1, '20', 926, 'Marina Suites', '2009097014', 0, '', '', '', '', ''),
('Marina Suites # 928', 1, '20', 928, 'Marina Suites', '2009097015', 0, '', '', '', '', ''),
('Marina Suites # 930', 1, '20', 930, 'Marina Suites', '2009097016', 0, '', '', '', '', ''),
('Marina Suites # 932', 1, '20', 932, 'Marina Suites', '2009097017', 0, '', '', '', '', ''),
('Marina Suites # 934', 1, '20', 934, 'Marina Suites', '2009097018', 0, '', '', '', '', ''),
('Marina Suites # 936', 1, '20', 936, 'Marina Suites', '2009097019', 0, '', '', '', '', ''),
('Marina Suites # 938', 1, '20', 938, 'Marina Suites', '2009097020', 0, '', '', '', '', ''),
('Marina Suites # 940', 1, '20', 940, 'Marina Suites', '2009097021', 0, '', '', '', '', '');

-- --------------------------------------------------------

--
-- Table structure for table `UserUnit`
--

CREATE TABLE IF NOT EXISTS `UserUnit` (
  `userunitid` mediumint(9) NOT NULL AUTO_INCREMENT,
  `unit` varchar(19) DEFAULT NULL,
  `owner` varchar(5) DEFAULT NULL,
  `lastname` varchar(30) DEFAULT NULL,
  `firstname` varchar(30) DEFAULT NULL,
  `email` varchar(50) DEFAULT NULL,
  `cellphone` varchar(50) DEFAULT NULL,
  `homephone` varchar(50) DEFAULT NULL,
  `emergency` varchar(80) DEFAULT NULL,
  `unitwatcher` varchar(80) NOT NULL,
  `userid` varchar(15) DEFAULT NULL,
  PRIMARY KEY (`userunitid`)
) ENGINE=MyISAM DEFAULT CHARSET=latin1 AUTO_INCREMENT=1 ;

-- --------------------------------------------------------

--
-- Table structure for table `WaitList`
--

CREATE TABLE IF NOT EXISTS `WaitList` (
  `wlid` mediumint(9) NOT NULL AUTO_INCREMENT,
  `type` text NOT NULL,
  `unit` varchar(30) NOT NULL,
  `names` text NOT NULL,
  `date` date DEFAULT NULL,
  `slipid` varchar(4) DEFAULT NULL,
  `number` int(11) DEFAULT NULL,
  `userid` varchar(15) DEFAULT NULL,
  PRIMARY KEY (`wlid`),
  KEY `unit` (`unit`)
) ENGINE=MyISAM DEFAULT CHARSET=latin1 AUTO_INCREMENT=1 ;

/*!40101 SET CHARACTER_SET_CLIENT=@OLD_CHARACTER_SET_CLIENT */;
/*!40101 SET CHARACTER_SET_RESULTS=@OLD_CHARACTER_SET_RESULTS */;
/*!40101 SET COLLATION_CONNECTION=@OLD_COLLATION_CONNECTION */;
